ALTER SESSION SET NLS_DATE_FORMAT = 'DD-MM-YYYY';
ALTER SESSION SET NLS_TIMESTAMP_FORMAT = 'DD-MM-RRRR HH24.MI.SSXFF';
CREATE TABLE HUAN_LUYEN_VIEN
(
ID                            CHAR(7)     CHECK (REGEXP_LIKE(ID,'HLV[0-9]{4}')),
NGAY_SINH                     DATE,
HO_TEN                        VARCHAR(50) NOT NULL,
SO_TRAN_THANG                 INT         CHECK (SO_TRAN_THANG >= 0),
SO_TRAN_THUA                  INT         CHECK (SO_TRAN_THUA >= 0),
SO_TRAN_HOA                   INT         CHECK (SO_TRAN_HOA >= 0),
PRIMARY KEY(ID)
);

----------------------------------
-----------Table Cau thu----------
----------------------------------

CREATE TABLE CAU_THU
(
ID                            CHAR(6)     CHECK (REGEXP_LIKE(ID,'CT[0-9]{4}')),
NGAY_SINH                     DATE,
HO_TEN                        VARCHAR(50) NOT NULL,
SO_AO                         INT         CHECK (SO_AO > 0),
VI_TRI_SO_TRUONG              VARCHAR(20),
SO_TRAN_DOI_TUYEN_QUOC_GIA    INT         CHECK (SO_TRAN_DOI_TUYEN_QUOC_GIA >= 0),
PRIMARY KEY (ID)
);

----------------------------------
----------Table Khach san---------
----------------------------------

CREATE TABLE KHACH_SAN
(
ID                            CHAR(6)     CHECK (REGEXP_LIKE(ID,'KS[0-9]{4}')),
TEN                           VARCHAR(50) NOT NULL,
DIA_DIEM                      VARCHAR(4000),
PRIMARY KEY (ID),
UNIQUE (DIA_DIEM)
);

----------------------------------
-------Table Doi tuyen------------
----------------------------------

CREATE TABLE DOI_TUYEN
(
ID                            CHAR(5)     CHECK (REGEXP_LIKE(ID,'DT[0-9]{3}')),
TEN                           VARCHAR(20) NOT NULL,
QUOC_KY                       BLOB        NOT NULL,
SO_LAN_VO_DICH                INT         CHECK (SO_LAN_VO_DICH >= 0),
PRIMARY KEY (ID),
UNIQUE (TEN)
);

----------------------------------
--------Table World Cup-----------
----------------------------------

CREATE TABLE WORLD_CUP
(
NAM                           INT         CHECK (NAM > 0),
SO_DOI                        INT         NOT NULL          CHECK (SO_DOI > 0),
ID_CAU_THU_XUAT_SAC_NHAT      CHAR(6),
ID_DOI_VO_DICH                CHAR(5),
ID_DOI_A_QUAN                 CHAR(5),
ID_DOI_HANG_3                 CHAR(5),
PRIMARY KEY (NAM),
FOREIGN KEY (ID_CAU_THU_XUAT_SAC_NHAT) REFERENCES CAU_THU(ID),
FOREIGN KEY (ID_DOI_VO_DICH) REFERENCES DOI_TUYEN(ID),
FOREIGN KEY (ID_DOI_A_QUAN) REFERENCES DOI_TUYEN(ID),
FOREIGN KEY (ID_DOI_HANG_3) REFERENCES DOI_TUYEN(ID)
);

----------------------------------
--------Table Doi hinh------------
----------------------------------

CREATE TABLE DOI_HINH
(
ID                            CHAR(5)     CHECK (REGEXP_LIKE(ID,'DH[0-9]{3}')),
TEN                           VARCHAR(10) NOT NULL,
PRIMARY KEY (ID),
UNIQUE (TEN)
);

---------------------------------
--------Table San van dong-------
---------------------------------

CREATE TABLE SAN_VAN_DONG
(
ID                            CHAR(8)     CHECK (REGEXP_LIKE(ID,'SVD[0-9]{5}')),
SUC_CHUA                      INT         NOT NULL          CHECK (SUC_CHUA > 0),
DIA_DIEM                      VARCHAR(4000),
PRIMARY KEY (ID),
UNIQUE (DIA_DIEM)
);

---------------------------------
--------Table Loai tran dau------
---------------------------------

CREATE TABLE LOAI_TRAN_DAU
(
ID                            CHAR(6)     CHECK (REGEXP_LIKE(ID,'LTD[0-9]{3}')),
TEN                           VARCHAR(20) NOT NULL,
PRIMARY KEY (ID)
);

----------------------------------
-------Table Tran dau-------------
----------------------------------

CREATE TABLE TRAN_DAU
(
ID                            CHAR(7)     CHECK (REGEXP_LIKE(ID,'TD[0-9]{5}')),
LOAI_TRAN_DAU                 CHAR(6),
THOI_DIEM_BAT_DAU             TIMESTAMP,     
THOI_DIEM_KET_THUC            TIMESTAMP,
ID_SAN_VAN_DONG               CHAR(8),
TI_SO_HIEP_CHINH              VARCHAR(5),
TI_SO_HIEP_PHU                VARCHAR(5),
TI_SO_LUAN_LUU                VARCHAR(5),
ID_DOI_TUYEN_1                CHAR(5),
ID_DOI_HINH_1                 CHAR(5),
ID_DOI_TUYEN_2                CHAR(5),
ID_DOI_HINH_2                 CHAR(5),
PRIMARY KEY (ID),
FOREIGN KEY (LOAI_TRAN_DAU) REFERENCES LOAI_TRAN_DAU(ID),
FOREIGN KEY (ID_SAN_VAN_DONG) REFERENCES SAN_VAN_DONG(ID),
FOREIGN KEY (ID_DOI_TUYEN_1) REFERENCES DOI_TUYEN(ID),
FOREIGN KEY (ID_DOI_TUYEN_2) REFERENCES DOI_TUYEN(ID),
FOREIGN KEY (ID_DOI_HINH_1) REFERENCES DOI_HINH(ID),
FOREIGN KEY (ID_DOI_HINH_2) REFERENCES DOI_HINH(ID),
CHECK (THOI_DIEM_KET_THUC > THOI_DIEM_BAT_DAU)
);


---------------------------------
-------Table Doi tuyen tham du---
---------------------------------

CREATE TABLE DOI_TUYEN_THAM_DU
(
ID_DOI_TUYEN                  CHAR(5),
NAM                           INT         CHECK (NAM > 0),
AO_1                          VARCHAR(20),
AO_2                          VARCHAR(20),
ID_DOI_HINH                   CHAR(5),
PRIMARY KEY (ID_DOI_TUYEN,NAM),
FOREIGN KEY (ID_DOI_TUYEN) REFERENCES DOI_TUYEN(ID),
FOREIGN KEY (NAM) REFERENCES WORLD_CUP(NAM),
FOREIGN KEY (ID_DOI_HINH) REFERENCES DOI_HINH(ID)
);

---------------------------------
-------Table Phat the------------
---------------------------------

CREATE TABLE PHAT_THE
(
ID_SU_KIEN                    CHAR(8)     CHECK (REGEXP_LIKE(ID_SU_KIEN,'SK[0-9]{6}')),
THOI_DIEM                     TIMESTAMP,
LOAI                          CHAR        CHECK (LOAI IN ('Y','R')),
ID_CAU_THU                    CHAR(6),
ID_TRAN_DAU                   CHAR(7),
PRIMARY KEY (ID_SU_KIEN),
FOREIGN KEY (ID_CAU_THU) REFERENCES CAU_THU(ID),
FOREIGN KEY (ID_TRAN_DAU) REFERENCES TRAN_DAU(ID)
);

---------------------------------
-------Table Ban thang-----------
---------------------------------

CREATE TABLE BAN_THANG
(
ID_SU_KIEN                    CHAR(8)     CHECK (REGEXP_LIKE(ID_SU_KIEN,'SK[0-9]{6}')),
THOI_DIEM                     TIMESTAMP,
PHAN_LUOI                     CHAR        CHECK (PHAN_LUOI IN('Y','N')),
ID_CAU_THU_CHUYEN             CHAR(6),
ID_CAU_THU_GHI_BAN            CHAR(6),
ID_TRAN_DAU                   CHAR(7),
PRIMARY KEY (ID_SU_KIEN),
FOREIGN KEY (ID_CAU_THU_CHUYEN) REFERENCES CAU_THU(ID),
FOREIGN KEY (ID_CAU_THU_GHI_BAN) REFERENCES CAU_THU(ID),
FOREIGN KEY (ID_TRAN_DAU) REFERENCES TRAN_DAU(ID)
);

---------------------------------
---Table Chon cau thu xuat sac---
---------------------------------

CREATE TABLE CHON_CAU_THU_XUAT_SAC
(
ID_SU_KIEN                    CHAR(8)     CHECK (REGEXP_LIKE(ID_SU_KIEN,'SK[0-9]{6}')),
THOI_DIEM                     TIMESTAMP,
ID_CAU_THU                    CHAR(6),
ID_TRAN_DAU                   CHAR(7),
PRIMARY KEY (ID_SU_KIEN),
FOREIGN KEY (ID_CAU_THU) REFERENCES CAU_THU(ID),
FOREIGN KEY (ID_TRAN_DAU) REFERENCES TRAN_DAU(ID)
);

---------------------------------
-----Table Thay nguoi------------
---------------------------------

CREATE TABLE THAY_NGUOI
(
ID_SU_KIEN                    CHAR(8)     CHECK (REGEXP_LIKE(ID_SU_KIEN,'SK[0-9]{6}')),
THOI_DIEM                     TIMESTAMP,
ID_CAU_THU_RA_NGHI            CHAR(6),
ID_CAU_THU_VAO_THAY           CHAR(6),
DIEM_CAU_THU_VAO_THAY         INT         CHECK (DIEM_CAU_THU_VAO_THAY >= 0 AND DIEM_CAU_THU_VAO_THAY <= 10),
ID_TRAN_DAU                   CHAR(7),
PRIMARY KEY (ID_SU_KIEN),
FOREIGN KEY (ID_CAU_THU_RA_NGHI) REFERENCES CAU_THU(ID),
FOREIGN KEY (ID_CAU_THU_VAO_THAY) REFERENCES CAU_THU(ID),
FOREIGN KEY (ID_TRAN_DAU) REFERENCES TRAN_DAU(ID)
);

---------------------------------
-----Table Luan luu--------------
---------------------------------

CREATE TABLE LUAN_LUU
(
ID_SU_KIEN                    CHAR(8)     CHECK (REGEXP_LIKE(ID_SU_KIEN,'SK[0-9]{6}')),
THOI_DIEM                     TIMESTAMP,
SO_THU_TU                     INT,
ID_CAU_THU_THUC_HIEN          CHAR(6),
KET_QUA                       CHAR        CHECK (KET_QUA IN ('Y','N')),
ID_TRAN_DAU                   CHAR(7),
PRIMARY KEY (ID_SU_KIEN),
FOREIGN KEY (ID_CAU_THU_THUC_HIEN) REFERENCES CAU_THU(ID),
FOREIGN KEY (ID_TRAN_DAU) REFERENCES TRAN_DAU(ID)
);

---------------------------------
-----Table Deo bang doi truong---
---------------------------------

CREATE TABLE DEO_BANG_DOI_TRUONG
(
ID_SU_KIEN                    CHAR(8)     CHECK (REGEXP_LIKE(ID_SU_KIEN,'SK[0-9]{6}')),
THOI_DIEM                     TIMESTAMP,
ID_CAU_THU                    CHAR(6),
ID_TRAN_DAU                   CHAR(7),
PRIMARY KEY (ID_SU_KIEN),
FOREIGN KEY (ID_CAU_THU) REFERENCES CAU_THU(ID),
FOREIGN KEY (ID_TRAN_DAU) REFERENCES TRAN_DAU(ID)
);

---------------------------------
-----Table Doi hinh xuat phat----
---------------------------------

CREATE TABLE DOI_HINH_XUAT_PHAT
(
ID_SU_KIEN                    CHAR(8)     CHECK (REGEXP_LIKE(ID_SU_KIEN,'SK[0-9]{6}')),
ID_CAU_THU                    CHAR(6),
THOI_DIEM                     TIMESTAMP,
DIEM_CAU_THU_XUAT_PHAT        INT         CHECK (DIEM_CAU_THU_XUAT_PHAT > 0 AND DIEM_CAU_THU_XUAT_PHAT < 10),
ID_TRAN_DAU                   CHAR(7),
PRIMARY KEY (ID_SU_KIEN),
FOREIGN KEY (ID_CAU_THU) REFERENCES CAU_THU(ID),
FOREIGN KEY (ID_TRAN_DAU) REFERENCES TRAN_DAU(ID)
);

---------------------------------
-------------Table Phu ta--------
---------------------------------

CREATE TABLE PHU_TA
(
ID_HUAN_LUYEN_VIEN_CHINH      CHAR(7),
ID_HUAN_LUYEN_VIEN_PHU_TA     CHAR(7),
BAT_DAU                       DATE,
KET_THUC                      DATE,
PRIMARY KEY (ID_HUAN_LUYEN_VIEN_CHINH,ID_HUAN_LUYEN_VIEN_PHU_TA),
FOREIGN KEY (ID_HUAN_LUYEN_VIEN_CHINH) REFERENCES HUAN_LUYEN_VIEN(ID),
FOREIGN KEY (ID_HUAN_LUYEN_VIEN_PHU_TA) REFERENCES HUAN_LUYEN_VIEN(ID),
CHECK (KET_THUC > BAT_DAU)
);



---------------------------------
-----Table Goi len tuyen---------
---------------------------------

CREATE TABLE GOI_LEN_TUYEN
(
NAM                           INT         CHECK (NAM > 0),
ID_CAU_THU                    CHAR(6),
ID_DOI_TUYEN                  CHAR(5),
PRIMARY KEY (NAM,ID_CAU_THU,ID_DOI_TUYEN),
FOREIGN KEY (NAM) REFERENCES WORLD_CUP(NAM),
FOREIGN KEY (ID_CAU_THU) REFERENCES CAU_THU(ID),
FOREIGN KEY (ID_DOI_TUYEN) REFERENCES DOI_TUYEN(ID)
);

---------------------------------
-----Table Doi truong------------
---------------------------------

CREATE TABLE DOI_TRUONG
(
ID_CAU_THU                    CHAR(6),
ID_DOI_TUYEN                  CHAR(5),
BAT_DAU                       DATE,
KET_THUC                      DATE,
PRIMARY KEY (ID_CAU_THU,ID_DOI_TUYEN,BAT_DAU,KET_THUC),
FOREIGN KEY (ID_CAU_THU) REFERENCES CAU_THU(ID),
FOREIGN KEY (ID_DOI_TUYEN) REFERENCES DOI_TUYEN(ID),
CHECK (KET_THUC > BAT_DAU)
);


---------------------------------
-----Table O khach san-----------
---------------------------------

CREATE TABLE O_KHACH_SAN
(
ID_DOI_TUYEN                  CHAR(5),
ID_KHACH_SAN                  CHAR(6),
PRIMARY KEY (ID_DOI_TUYEN,ID_KHACH_SAN),
FOREIGN KEY (ID_DOI_TUYEN) REFERENCES DOI_TUYEN(ID),
FOREIGN KEY (ID_KHACH_SAN) REFERENCES KHACH_SAN(ID)
);

---------------------------------
-----Table Vua pha luoi----------
---------------------------------

CREATE TABLE VUA_PHA_LUOI
(
NAM                           INT         CHECK (NAM > 0),
ID_CAU_THU                    CHAR(6),
PRIMARY KEY (NAM,ID_CAU_THU),
FOREIGN KEY (ID_CAU_THU) REFERENCES CAU_THU(ID),
FOREIGN KEY (NAM) REFERENCES WORLD_CUP(NAM)
);

---------------------------------
-----Table Huan luyen------------
---------------------------------

CREATE TABLE HUAN_LUYEN
(
ID_HUAN_LUYEN_VIEN_TRUONG     CHAR(7),
ID_DOI_TUYEN                  CHAR(5),
SO_TRAN_THANG                 INT         CHECK (SO_TRAN_THANG >= 0),
SO_TRAN_THUA                  INT         CHECK (SO_TRAN_THUA >= 0),
SO_TRAN_HOA                   INT         CHECK (SO_TRAN_HOA >= 0),
PRIMARY KEY (ID_HUAN_LUYEN_VIEN_TRUONG,ID_DOI_TUYEN),
FOREIGN KEY (ID_HUAN_LUYEN_VIEN_TRUONG) REFERENCES HUAN_LUYEN_VIEN(ID),
FOREIGN KEY (ID_DOI_TUYEN) REFERENCES DOI_TUYEN(ID)
);

---------------------------------
----Table Thoi gian huan luyen---
---------------------------------

CREATE TABLE THOI_GIAN_HUAN_LUYEN
(
ID_HUAN_LUYEN_VIEN_TRUONG     CHAR(7),
ID_DOI_TUYEN                  CHAR(5),
THOI_GIAN_BAT_DAU             DATE,
THOI_GIAN_KET_THUC            DATE,
PRIMARY KEY (ID_HUAN_LUYEN_VIEN_TRUONG,ID_DOI_TUYEN,THOI_GIAN_BAT_DAU),
FOREIGN KEY (ID_HUAN_LUYEN_VIEN_TRUONG) REFERENCES HUAN_LUYEN_VIEN(ID),
FOREIGN KEY (ID_DOI_TUYEN) REFERENCES DOI_TUYEN(ID),
CHECK(THOI_GIAN_KET_THUC > THOI_GIAN_BAT_DAU)
);

------ TAO INDEX ----------------
CREATE INDEX INDEX_A ON WORLD_CUP(NAM, ID_DOI_VO_DICH);
CREATE INDEX INDEX_B ON VUA_PHA_LUOI (NAM);
CREATE INDEX INDEX_C ON BAN_THANG(ID_TRAN_DAU, ID_CAU_THU_GHI_BAN);
------INSERT HUAN_LUYEN_VIEN-----

INSERT INTO HUAN_LUYEN_VIEN VALUES ('HLV0001',TO_DATE('09-08-1947','DD-MM-YYYY'),'Roy Hodgson',29,15,22);
INSERT INTO HUAN_LUYEN_VIEN VALUES ('HLV0002',TO_DATE('08-08-1951','DD-MM-YYYY'),'Louis van Gaal',19,5,10);
INSERT INTO HUAN_LUYEN_VIEN VALUES ('HLV0003',TO_DATE('09-11-1948','DD-MM-YYYY'),'Luiz Felipe Scolari',74,21,23);
INSERT INTO HUAN_LUYEN_VIEN VALUES ('HLV0004',TO_DATE('23-12-1950','DD-MM-YYYY'),'Vicente del Bosque',69,8,8);
INSERT INTO HUAN_LUYEN_VIEN VALUES ('HLV0005',TO_DATE('03-02-1960','DD-MM-YYYY'),'Joachim Löw',70,15,17);
INSERT INTO HUAN_LUYEN_VIEN VALUES ('HLV0006',TO_DATE('18-06-1946','DD-MM-YYYY'),'Fabio Capello',16,4,2);
INSERT INTO HUAN_LUYEN_VIEN VALUES ('HLV0007',TO_DATE('26-01-1963','DD-MM-YYYY'),'José Mourinho',0,0,0);
INSERT INTO HUAN_LUYEN_VIEN VALUES ('HLV0008',TO_DATE('29-11-1973','DD-MM-YYYY'),'Ryan Giggs',0,0,0);

------INSERT CAU_THU-------------

INSERT INTO CAU_THU VALUES ('CT0001',TO_DATE('24-10-1985','DD-MM-YYYY'),'Wayne Rooney',10,'Tien dao',80);
INSERT INTO CAU_THU VALUES ('CT0002',TO_DATE('30-05-1980','DD-MM-YYYY'),'Steven Gerrard',8,'Tien ve',107);
INSERT INTO CAU_THU VALUES ('CT0003',TO_DATE('05-02-1992','DD-MM-YYYY'),'Neymar da Silva',11,'Tien dao',15);
INSERT INTO CAU_THU VALUES ('CT0004',TO_DATE('09-06-1984','DD-MM-YYYY'),'Wesley Sneijder',10,'Tien ve',90);
INSERT INTO CAU_THU VALUES ('CT0005',TO_DATE('06-08-1983','DD-MM-YYYY'),'Robin van Persie',16,'Tien dao',50);
INSERT INTO CAU_THU VALUES ('CT0006',TO_DATE('22-09-1984','DD-MM-YYYY'),'Thiago Silva',3,'Hau ve',43);
INSERT INTO CAU_THU VALUES ('CT0007',TO_DATE('20-05-1981','DD-MM-YYYY'),'Xavi Hernandez',6,'Tien ve',98);
INSERT INTO CAU_THU VALUES ('CT0008',TO_DATE('04-05-1987','DD-MM-YYYY'),'Cesc Fabregas',10,'Tien ve',58);
INSERT INTO CAU_THU VALUES ('CT0009',TO_DATE('15-06-1969','DD-MM-YYYY'),'Oliver Kahn',1,'Thu mon',86);
INSERT INTO CAU_THU VALUES ('CT0010',TO_DATE('11-11-1983','DD-MM-YYYY'),'Philip Lahm',16,'Hau ve',104);
INSERT INTO CAU_THU VALUES ('CT0011',TO_DATE('15-10-1988','DD-MM-YYYY'),'Mesut Özil',8,'Tien ve',53);
INSERT INTO CAU_THU VALUES ('CT0012',TO_DATE('23-06-1972','DD-MM-YYYY'),'Zinédine Zidane',10,'Tien ve',108);
INSERT INTO CAU_THU VALUES ('CT0013',TO_DATE('09-06-1978','DD-MM-YYYY'),'Miroslav Klose',11,'Tien dao',129);
INSERT INTO CAU_THU VALUES ('CT0014',TO_DATE('18-09-1976','DD-MM-YYYY'),'Ronaldo de Lima',9,'Tien dao',97);
INSERT INTO CAU_THU VALUES ('CT0015',TO_DATE('19-05-1979','DD-MM-YYYY'),'Diego Forlán',10,'Tien dao',89);
INSERT INTO CAU_THU VALUES ('CT0016',TO_DATE('07-04-1983','DD-MM-YYYY'),'Franck Ribéry',7,'Tien ve',78);

------INSERT KHACH_SAN-----------

INSERT INTO KHACH_SAN VALUES ('KS0001','Leme Othon Palace','Avenida Atlantica 656, Leme, Rio De Janeiro, Brazil');
INSERT INTO KHACH_SAN VALUES ('KS0002','Everest Rio Hotel','Rua Prudente de Moraes, 1117, Ipanema, Rio De Janeiro, Brazil');
INSERT INTO KHACH_SAN VALUES ('KS0003','Intercity Premium Naacaµes Unidas Hotel','Rua Fernandes Moreira, 1371 - Chacara Santo Antonio, Santo Amaro, Sao Paulo, Brazil ');
INSERT INTO KHACH_SAN VALUES ('KS0004','Park Inn Ibirapuera by Radisson','Avenida Ibirapuera 2534, Moema, Sao Paulo, Brazil');

------INSERT DOI_TUYEN-----------

CREATE OR REPLACE DIRECTORY ASS2DIR AS 'C:\images';

CREATE OR REPLACE PROCEDURE DOITUYEN(NEW_ID VARCHAR2, NEW_TEN_DOI VARCHAR2, COUNTRY VARCHAR2, NEW_SO_LAN_VO_DICH NUMBER)
AS
  F_LOB BFILE;
  B_LOB BLOB;
BEGIN
  F_LOB := BFILENAME('ASS2DIR', COUNTRY);
  INSERT INTO DOI_TUYEN
  VALUES (NEW_ID, NEW_TEN_DOI, EMPTY_BLOB(), NEW_SO_LAN_VO_DICH)
  RETURNING QUOC_KY INTO B_LOB;
  DBMS_LOB.FILEOPEN(F_LOB, DBMS_LOB.FILE_READONLY);
  DBMS_LOB.LOADFROMFILE(B_LOB, F_LOB, DBMS_LOB.GETLENGTH(F_LOB));
  DBMS_LOB.FILECLOSE(F_LOB);
  COMMIT;
END;
/

CALL (DOITUYEN('DT001','ENGLAND','ENG.jpg',1));
CALL (DOITUYEN('DT002','NETHERLANDS','NED.jpg',0));
CALL (DOITUYEN('DT003','BRAZIL','BRA.jpg',5));
CALL (DOITUYEN('DT004','SPAIN','SPA.jpg',1));

------INSERT WORLD_CUP-----------

INSERT INTO WORLD_CUP VALUES (2002,32,'CT0009','DT003','DT002','DT001');
INSERT INTO WORLD_CUP VALUES (2006,32,'CT0012','DT004','DT001','DT003');
INSERT INTO WORLD_CUP VALUES (2010,32,'CT0015','DT003','DT001','DT002');
INSERT INTO WORLD_CUP VALUES (2014,32,null,null,null,null);


------INSERT DOI_HINH------------

INSERT INTO DOI_HINH VALUES ('DH001','4-3-3');
INSERT INTO DOI_HINH VALUES ('DH002','4-2-3-1');
INSERT INTO DOI_HINH VALUES ('DH003','4-4-2');
INSERT INTO DOI_HINH VALUES ('DH004','4-5-1');
INSERT INTO DOI_HINH VALUES ('DH005','3-5-2');
INSERT INTO DOI_HINH VALUES ('DH006','3-4-3');

------INSERT SAN_VAN_DONG--------

INSERT INTO SAN_VAN_DONG VALUES ('SVD00001',44000,'Avenida Djalma Batista, 3637 - Flores, Manaus - AM, 69050-010, Brazil');
INSERT INTO SAN_VAN_DONG VALUES ('SVD00002',78830,'Rua Professor Eurico Rabelo, Maracan?, Rio de Janeiro - RJ, 20271-150, Brazil');
INSERT INTO SAN_VAN_DONG VALUES ('SVD00003',69160,'Avenida Miguel Ignácio Curi, 111 - Vila Carmosina, S?o Paulo - SP, 08295-005, Brazil');
INSERT INTO SAN_VAN_DONG VALUES ('SVD00004',72000,'Asa Norte, Brasília - DF, 70070-701, Brazil');
INSERT INTO SAN_VAN_DONG VALUES ('SVD00005',62160,'Avenida Antônio Abrah?o Caram, 1001 - S?o José (Pampulha), Belo Horizonte - MG, 31275-000, Brazil');
INSERT INTO SAN_VAN_DONG VALUES ('SVD00006',60800,'Avenida Padre Cacique, 891 - Praia de Belas, Porto Alegre - RS, 90180-240, Brazil');

------INSERT LOAI_TRAN_DAU-------

INSERT INTO LOAI_TRAN_DAU VALUES ('LTD001','Vong bang');
INSERT INTO LOAI_TRAN_DAU VALUES ('LTD002','Tu ket');
INSERT INTO LOAI_TRAN_DAU VALUES ('LTD003','Ban ket');
INSERT INTO LOAI_TRAN_DAU VALUES ('LTD004','Chung ket');

------INSERT TRAN_DAU------------

INSERT INTO TRAN_DAU VALUES ('TD00001','LTD001',TO_TIMESTAMP('12-06-2014 17:00:00','DD-MM-RRRR HH24:MI:SSXFF'),TO_TIMESTAMP('12-06-2014 19:00:00','DD-MM-RRRR HH24:MI:SSXFF'),'SVD00001',null,null,null,'DT001','DH001','DT002','DH002');
INSERT INTO TRAN_DAU VALUES ('TD00002','LTD001',TO_TIMESTAMP('13-06-2014 17:00:00','DD-MM-RRRR HH24:MI:SSXFF'),TO_TIMESTAMP('13-06-2014 19:00:00','DD-MM-RRRR HH24:MI:SSXFF'),'SVD00002',null,null,null,'DT001','DH001','DT003','DH003');
INSERT INTO TRAN_DAU VALUES ('TD00005','LTD001',TO_TIMESTAMP('14-06-2014 17:00:00','DD-MM-RRRR HH24:MI:SSXFF'),TO_TIMESTAMP('14-06-2014 19:00:00','DD-MM-RRRR HH24:MI:SSXFF'),'SVD00003',null,null,null,'DT002','DH002','DT004','DH004');
INSERT INTO TRAN_DAU VALUES ('TD00004','LTD001',TO_TIMESTAMP('15-06-2014 17:00:00','DD-MM-RRRR HH24:MI:SSXFF'),TO_TIMESTAMP('15-06-2014 19:00:00','DD-MM-RRRR HH24:MI:SSXFF'),'SVD00004',null,null,null,'DT003','DH003','DT002','DH002');

INSERT INTO TRAN_DAU VALUES ('TD00003','LTD001',TO_TIMESTAMP('12-06-2010 17:00:00','DD-MM-RRRR HH24:MI:SSXFF'),TO_TIMESTAMP('12-06-2010 19:00:00','DD-MM-RRRR HH24:MI:SSXFF'),'SVD00001','0-0',null,null,'DT001','DH001','DT002','DH002');
INSERT INTO TRAN_DAU VALUES ('TD00006','LTD002',TO_TIMESTAMP('13-06-2010 17:00:00','DD-MM-RRRR HH24:MI:SSXFF'),TO_TIMESTAMP('13-06-2010 19:00:00','DD-MM-RRRR HH24:MI:SSXFF'),'SVD00002','1-0',null,null,'DT001','DH001','DT003','DH003');
INSERT INTO TRAN_DAU VALUES ('TD00007','LTD003',TO_TIMESTAMP('14-06-2010 17:00:00','DD-MM-RRRR HH24:MI:SSXFF'),TO_TIMESTAMP('14-06-2010 19:30:00','DD-MM-RRRR HH24:MI:SSXFF'),'SVD00003','0-0','1-0',null,'DT002','DH002','DT004','DH004');
INSERT INTO TRAN_DAU VALUES ('TD00008','LTD004',TO_TIMESTAMP('15-06-2010 17:00:00','DD-MM-RRRR HH24:MI:SSXFF'),TO_TIMESTAMP('15-06-2010 20:00:00','DD-MM-RRRR HH24:MI:SSXFF'),'SVD00004','1-1','0-0','2-0','DT003','DH003','DT002','DH002');

INSERT INTO TRAN_DAU VALUES ('TD00009','LTD001',TO_TIMESTAMP('12-06-2006 17:00:00','DD-MM-RRRR HH24:MI:SSXFF'),TO_TIMESTAMP('12-06-2006 19:00:00','DD-MM-RRRR HH24:MI:SSXFF'),'SVD00001','0-0',null,null,'DT001','DH001','DT002','DH002');
INSERT INTO TRAN_DAU VALUES ('TD00010','LTD002',TO_TIMESTAMP('13-06-2006 17:00:00','DD-MM-RRRR HH24:MI:SSXFF'),TO_TIMESTAMP('13-06-2006 19:00:00','DD-MM-RRRR HH24:MI:SSXFF'),'SVD00002','1-0',null,null,'DT001','DH001','DT003','DH003');
INSERT INTO TRAN_DAU VALUES ('TD00011','LTD003',TO_TIMESTAMP('14-06-2006 17:00:00','DD-MM-RRRR HH24:MI:SSXFF'),TO_TIMESTAMP('14-06-2006 19:30:00','DD-MM-RRRR HH24:MI:SSXFF'),'SVD00003','0-0','1-0',null,'DT002','DH002','DT004','DH004');
INSERT INTO TRAN_DAU VALUES ('TD00012','LTD004',TO_TIMESTAMP('15-06-2006 17:00:00','DD-MM-RRRR HH24:MI:SSXFF'),TO_TIMESTAMP('15-06-2006 20:00:00','DD-MM-RRRR HH24:MI:SSXFF'),'SVD00004','1-1','0-0','2-0','DT003','DH003','DT002','DH002');

INSERT INTO TRAN_DAU VALUES ('TD00013','LTD001',TO_TIMESTAMP('12-06-2002 17:00:00','DD-MM-RRRR HH24:MI:SSXFF'),TO_TIMESTAMP('12-06-2002 19:00:00','DD-MM-RRRR HH24:MI:SSXFF'),'SVD00001','0-0',null,null,'DT001','DH001','DT002','DH002');
INSERT INTO TRAN_DAU VALUES ('TD00014','LTD002',TO_TIMESTAMP('13-06-2002 17:00:00','DD-MM-RRRR HH24:MI:SSXFF'),TO_TIMESTAMP('13-06-2002 19:00:00','DD-MM-RRRR HH24:MI:SSXFF'),'SVD00002','1-0',null,null,'DT001','DH001','DT003','DH003');
INSERT INTO TRAN_DAU VALUES ('TD00015','LTD003',TO_TIMESTAMP('14-06-2002 17:00:00','DD-MM-RRRR HH24:MI:SSXFF'),TO_TIMESTAMP('14-06-2002 19:30:00','DD-MM-RRRR HH24:MI:SSXFF'),'SVD00003','0-0','1-0',null,'DT002','DH002','DT004','DH004');
INSERT INTO TRAN_DAU VALUES ('TD00016','LTD004',TO_TIMESTAMP('15-06-2002 17:00:00','DD-MM-RRRR HH24:MI:SSXFF'),TO_TIMESTAMP('15-06-2002 20:00:00','DD-MM-RRRR HH24:MI:SSXFF'),'SVD00004','1-1','0-0','2-0','DT003','DH003','DT002','DH002');

------INSERT DOI_TUYEN_THAM_DU---

INSERT INTO DOI_TUYEN_THAM_DU VALUES ('DT003',2010,'Ao vang xanh','Ao xanh duong','DH001');
INSERT INTO DOI_TUYEN_THAM_DU VALUES ('DT002',2010,'Ao thien thanh','Ao vang dam','DH003');
INSERT INTO DOI_TUYEN_THAM_DU VALUES ('DT001',2010,'Ao trang','Ao do','DH002');
INSERT INTO DOI_TUYEN_THAM_DU VALUES ('DT004',2010,'Ao do','Ao xanh duong','DH001');

INSERT INTO DOI_TUYEN_THAM_DU VALUES ('DT003',2006,'Ao vang xanh','Ao xanh duong','DH001');
INSERT INTO DOI_TUYEN_THAM_DU VALUES ('DT002',2006,'Ao thien thanh','Ao vang dam','DH003');
INSERT INTO DOI_TUYEN_THAM_DU VALUES ('DT001',2006,'Ao trang','Ao do','DH002');
INSERT INTO DOI_TUYEN_THAM_DU VALUES ('DT004',2006,'Ao do','Ao xanh duong','DH001');

INSERT INTO DOI_TUYEN_THAM_DU VALUES ('DT003',2002,'Ao vang xanh','Ao xanh duong','DH001');
INSERT INTO DOI_TUYEN_THAM_DU VALUES ('DT002',2002,'Ao thien thanh','Ao vang dam','DH003');
INSERT INTO DOI_TUYEN_THAM_DU VALUES ('DT001',2002,'Ao trang','Ao do','DH002');
INSERT INTO DOI_TUYEN_THAM_DU VALUES ('DT004',2002,'Ao do','Ao xanh duong','DH001');

INSERT INTO DOI_TUYEN_THAM_DU VALUES ('DT003',2014,'Ao vang xanh','Ao xanh duong','DH001');
INSERT INTO DOI_TUYEN_THAM_DU VALUES ('DT002',2014,'Ao thien thanh','Ao vang dam','DH003');
INSERT INTO DOI_TUYEN_THAM_DU VALUES ('DT001',2014,'Ao trang','Ao do','DH002');
INSERT INTO DOI_TUYEN_THAM_DU VALUES ('DT004',2014,'Ao do','Ao xanh duong','DH001');

----INSERT GOI_LEN_TUYEN---------

INSERT INTO GOI_LEN_TUYEN VALUES (2010,'CT0001','DT001');
INSERT INTO GOI_LEN_TUYEN VALUES (2010,'CT0002','DT001');
INSERT INTO GOI_LEN_TUYEN VALUES (2010,'CT0003','DT001');
INSERT INTO GOI_LEN_TUYEN VALUES (2010,'CT0004','DT001');

INSERT INTO GOI_LEN_TUYEN VALUES (2014,'CT0001','DT001');
INSERT INTO GOI_LEN_TUYEN VALUES (2014,'CT0002','DT001');
INSERT INTO GOI_LEN_TUYEN VALUES (2014,'CT0003','DT001');
INSERT INTO GOI_LEN_TUYEN VALUES (2014,'CT0004','DT001');

INSERT INTO GOI_LEN_TUYEN VALUES (2006,'CT0001','DT001');
INSERT INTO GOI_LEN_TUYEN VALUES (2006,'CT0002','DT001');
INSERT INTO GOI_LEN_TUYEN VALUES (2006,'CT0003','DT001');
INSERT INTO GOI_LEN_TUYEN VALUES (2006,'CT0004','DT001');

INSERT INTO GOI_LEN_TUYEN VALUES (2002,'CT0001','DT001');
INSERT INTO GOI_LEN_TUYEN VALUES (2002,'CT0002','DT001');
INSERT INTO GOI_LEN_TUYEN VALUES (2002,'CT0003','DT001');
INSERT INTO GOI_LEN_TUYEN VALUES (2002,'CT0004','DT001');

INSERT INTO GOI_LEN_TUYEN VALUES (2010,'CT0005','DT002');
INSERT INTO GOI_LEN_TUYEN VALUES (2010,'CT0006','DT002');
INSERT INTO GOI_LEN_TUYEN VALUES (2010,'CT0007','DT002');
INSERT INTO GOI_LEN_TUYEN VALUES (2010,'CT0008','DT002');

INSERT INTO GOI_LEN_TUYEN VALUES (2006,'CT0005','DT002');
INSERT INTO GOI_LEN_TUYEN VALUES (2006,'CT0006','DT002');
INSERT INTO GOI_LEN_TUYEN VALUES (2006,'CT0007','DT002');
INSERT INTO GOI_LEN_TUYEN VALUES (2006,'CT0008','DT002');

INSERT INTO GOI_LEN_TUYEN VALUES (2002,'CT0005','DT002');
INSERT INTO GOI_LEN_TUYEN VALUES (2002,'CT0006','DT002');
INSERT INTO GOI_LEN_TUYEN VALUES (2002,'CT0007','DT002');
INSERT INTO GOI_LEN_TUYEN VALUES (2002,'CT0008','DT002');

INSERT INTO GOI_LEN_TUYEN VALUES (2014,'CT0005','DT002');
INSERT INTO GOI_LEN_TUYEN VALUES (2014,'CT0006','DT002');
INSERT INTO GOI_LEN_TUYEN VALUES (2014,'CT0007','DT002');
INSERT INTO GOI_LEN_TUYEN VALUES (2014,'CT0008','DT002');

INSERT INTO GOI_LEN_TUYEN VALUES (2002,'CT0009','DT003');
INSERT INTO GOI_LEN_TUYEN VALUES (2002,'CT0010','DT003');
INSERT INTO GOI_LEN_TUYEN VALUES (2002,'CT0011','DT003');
INSERT INTO GOI_LEN_TUYEN VALUES (2002,'CT0012','DT003');

INSERT INTO GOI_LEN_TUYEN VALUES (2006,'CT0009','DT003');
INSERT INTO GOI_LEN_TUYEN VALUES (2006,'CT0010','DT003');
INSERT INTO GOI_LEN_TUYEN VALUES (2006,'CT0011','DT003');
INSERT INTO GOI_LEN_TUYEN VALUES (2006,'CT0012','DT003');

INSERT INTO GOI_LEN_TUYEN VALUES (2010,'CT0009','DT003');
INSERT INTO GOI_LEN_TUYEN VALUES (2010,'CT0010','DT003');
INSERT INTO GOI_LEN_TUYEN VALUES (2010,'CT0011','DT003');
INSERT INTO GOI_LEN_TUYEN VALUES (2010,'CT0012','DT003');

INSERT INTO GOI_LEN_TUYEN VALUES (2014,'CT0009','DT003');
INSERT INTO GOI_LEN_TUYEN VALUES (2014,'CT0010','DT003');
INSERT INTO GOI_LEN_TUYEN VALUES (2014,'CT0011','DT003');
INSERT INTO GOI_LEN_TUYEN VALUES (2014,'CT0012','DT003');

INSERT INTO GOI_LEN_TUYEN VALUES (2002,'CT0013','DT004');
INSERT INTO GOI_LEN_TUYEN VALUES (2002,'CT0014','DT004');
INSERT INTO GOI_LEN_TUYEN VALUES (2002,'CT0015','DT004');
INSERT INTO GOI_LEN_TUYEN VALUES (2002,'CT0016','DT004');

INSERT INTO GOI_LEN_TUYEN VALUES (2006,'CT0013','DT004');
INSERT INTO GOI_LEN_TUYEN VALUES (2006,'CT0014','DT004');
INSERT INTO GOI_LEN_TUYEN VALUES (2006,'CT0015','DT004');
INSERT INTO GOI_LEN_TUYEN VALUES (2006,'CT0016','DT004');

INSERT INTO GOI_LEN_TUYEN VALUES (2010,'CT0013','DT004');
INSERT INTO GOI_LEN_TUYEN VALUES (2010,'CT0014','DT004');
INSERT INTO GOI_LEN_TUYEN VALUES (2010,'CT0015','DT004');
INSERT INTO GOI_LEN_TUYEN VALUES (2010,'CT0016','DT004');

INSERT INTO GOI_LEN_TUYEN VALUES (2014,'CT0013','DT004');
INSERT INTO GOI_LEN_TUYEN VALUES (2014,'CT0014','DT004');
INSERT INTO GOI_LEN_TUYEN VALUES (2014,'CT0015','DT004');
INSERT INTO GOI_LEN_TUYEN VALUES (2014,'CT0016','DT004');

------INSERT PHAT_THE------------

INSERT INTO PHAT_THE VALUES ('SK000001',TO_TIMESTAMP('12-06-2002 17:32:01','DD-MM-RRRR HH24:MI:SSXFF'),'Y','CT0005','TD00013');
INSERT INTO PHAT_THE VALUES ('SK000002',TO_TIMESTAMP('13-06-2002 17:33:01','DD-MM-RRRR HH24:MI:SSXFF'),'Y','CT0001','TD00014');
INSERT INTO PHAT_THE VALUES ('SK000003',TO_TIMESTAMP('14-06-2002 18:34:01','DD-MM-RRRR HH24:MI:SSXFF'),'Y','CT0006','TD00015');
INSERT INTO PHAT_THE VALUES ('SK000004',TO_TIMESTAMP('15-07-2002 18:35:03','DD-MM-RRRR HH24:MI:SSXFF'),'Y','CT0005','TD00016');

INSERT INTO PHAT_THE VALUES ('SK000005',TO_TIMESTAMP('12-06-2006 17:32:01','DD-MM-RRRR HH24:MI:SSXFF'),'Y','CT0005','TD00009');
INSERT INTO PHAT_THE VALUES ('SK000006',TO_TIMESTAMP('13-06-2006 17:33:01','DD-MM-RRRR HH24:MI:SSXFF'),'Y','CT0001','TD00010');
INSERT INTO PHAT_THE VALUES ('SK000007',TO_TIMESTAMP('14-06-2006 18:34:01','DD-MM-RRRR HH24:MI:SSXFF'),'Y','CT0006','TD00011');
INSERT INTO PHAT_THE VALUES ('SK000008',TO_TIMESTAMP('15-07-2006 18:35:03','DD-MM-RRRR HH24:MI:SSXFF'),'Y','CT0005','TD00012');

INSERT INTO PHAT_THE VALUES ('SK000009',TO_TIMESTAMP('12-06-2010 17:32:01','DD-MM-RRRR HH24:MI:SSXFF'),'Y','CT0005','TD00003');
INSERT INTO PHAT_THE VALUES ('SK000010',TO_TIMESTAMP('13-06-2010 17:33:01','DD-MM-RRRR HH24:MI:SSXFF'),'Y','CT0001','TD00006');
INSERT INTO PHAT_THE VALUES ('SK000011',TO_TIMESTAMP('14-06-2010 18:34:01','DD-MM-RRRR HH24:MI:SSXFF'),'Y','CT0006','TD00007');
INSERT INTO PHAT_THE VALUES ('SK000012',TO_TIMESTAMP('15-07-2010 18:35:03','DD-MM-RRRR HH24:MI:SSXFF'),'Y','CT0005','TD00008');

------INSERT BAN_THANG-----------

INSERT INTO BAN_THANG VALUES ('SK000007',TO_TIMESTAMP('13-06-2006 17:33:01','DD-MM-RRRR HH24:MI:SSXFF'),'N','CT0002','CT0001','TD00010');
INSERT INTO BAN_THANG VALUES ('SK000008',TO_TIMESTAMP('14-06-2006 19:25:01','DD-MM-RRRR HH24:MI:SSXFF'),'N',null,'CT0014','TD00011');
INSERT INTO BAN_THANG VALUES ('SK000009',TO_TIMESTAMP('15-06-2006 18:25:01','DD-MM-RRRR HH24:MI:SSXFF'),'N',null,'CT0005','TD00012');
INSERT INTO BAN_THANG VALUES ('SK000010',TO_TIMESTAMP('15-06-2006 18:35:03','DD-MM-RRRR HH24:MI:SSXFF'),'N','CT0009','CT0010','TD00012');

INSERT INTO BAN_THANG VALUES ('SK000012',TO_TIMESTAMP('13-06-2010 17:33:01','DD-MM-RRRR HH24:MI:SSXFF'),'N','CT0002','CT0001','TD00006');
INSERT INTO BAN_THANG VALUES ('SK000013',TO_TIMESTAMP('14-06-2010 19:25:01','DD-MM-RRRR HH24:MI:SSXFF'),'N',null,'CT0014','TD00007');
INSERT INTO BAN_THANG VALUES ('SK000014',TO_TIMESTAMP('15-06-2010 18:25:01','DD-MM-RRRR HH24:MI:SSXFF'),'N',null,'CT0005','TD00008');
INSERT INTO BAN_THANG VALUES ('SK000015',TO_TIMESTAMP('15-06-2010 18:35:03','DD-MM-RRRR HH24:MI:SSXFF'),'N','CT0009','CT0010','TD00008');

INSERT INTO BAN_THANG VALUES ('SK000002',TO_TIMESTAMP('13-06-2002 17:33:01','DD-MM-RRRR HH24:MI:SSXFF'),'N','CT0002','CT0001','TD00014');
INSERT INTO BAN_THANG VALUES ('SK000003',TO_TIMESTAMP('14-06-2002 19:25:01','DD-MM-RRRR HH24:MI:SSXFF'),'N',null,'CT0014','TD00015');
INSERT INTO BAN_THANG VALUES ('SK000004',TO_TIMESTAMP('15-06-2002 18:25:01','DD-MM-RRRR HH24:MI:SSXFF'),'N',null,'CT0005','TD00016');
INSERT INTO BAN_THANG VALUES ('SK000005',TO_TIMESTAMP('15-06-2002 18:35:03','DD-MM-RRRR HH24:MI:SSXFF'),'N','CT0009','CT0010','TD00016');

--INSERT CHON_CAU_THU_XUAT_SAC---

INSERT INTO CHON_CAU_THU_XUAT_SAC VALUES ('SK000005',TO_TIMESTAMP('12-06-2010 19:00:00','DD-MM-RRRR HH24:MI:SSXFF'),'CT0001','TD00003');
INSERT INTO CHON_CAU_THU_XUAT_SAC VALUES ('SK000006',TO_TIMESTAMP('13-06-2010 19:00:00','DD-MM-RRRR HH24:MI:SSXFF'),'CT0014','TD00006');
INSERT INTO CHON_CAU_THU_XUAT_SAC VALUES ('SK000007',TO_TIMESTAMP('14-06-2010 19:30:00','DD-MM-RRRR HH24:MI:SSXFF'),'CT0005','TD00007');
INSERT INTO CHON_CAU_THU_XUAT_SAC VALUES ('SK000008',TO_TIMESTAMP('15-06-2010 20:00:00','DD-MM-RRRR HH24:MI:SSXFF'),'CT0010','TD00008');

INSERT INTO CHON_CAU_THU_XUAT_SAC VALUES ('SK000009',TO_TIMESTAMP('12-06-2006 19:00:00','DD-MM-RRRR HH24:MI:SSXFF'),'CT0001','TD00009');
INSERT INTO CHON_CAU_THU_XUAT_SAC VALUES ('SK000010',TO_TIMESTAMP('13-06-2006 19:00:00','DD-MM-RRRR HH24:MI:SSXFF'),'CT0014','TD00010');
INSERT INTO CHON_CAU_THU_XUAT_SAC VALUES ('SK000011',TO_TIMESTAMP('14-06-2006 19:30:00','DD-MM-RRRR HH24:MI:SSXFF'),'CT0005','TD00011');
INSERT INTO CHON_CAU_THU_XUAT_SAC VALUES ('SK000012',TO_TIMESTAMP('15-06-2006 20:00:00','DD-MM-RRRR HH24:MI:SSXFF'),'CT0010','TD00012');

INSERT INTO CHON_CAU_THU_XUAT_SAC VALUES ('SK000013',TO_TIMESTAMP('12-06-2002 19:00:00','DD-MM-RRRR HH24:MI:SSXFF'),'CT0001','TD00013');
INSERT INTO CHON_CAU_THU_XUAT_SAC VALUES ('SK000014',TO_TIMESTAMP('13-06-2002 19:00:00','DD-MM-RRRR HH24:MI:SSXFF'),'CT0014','TD00014');
INSERT INTO CHON_CAU_THU_XUAT_SAC VALUES ('SK000015',TO_TIMESTAMP('14-06-2002 19:30:00','DD-MM-RRRR HH24:MI:SSXFF'),'CT0005','TD00015');
INSERT INTO CHON_CAU_THU_XUAT_SAC VALUES ('SK000016',TO_TIMESTAMP('15-06-2002 20:00:00','DD-MM-RRRR HH24:MI:SSXFF'),'CT0010','TD00016');

--------INSERT THAY_NGUOI--------

INSERT INTO THAY_NGUOI VALUES ('SK000005',TO_TIMESTAMP('12-06-2010 18:40:55','DD-MM-RRRR HH24:MI:SSXFF'),'CT0003','CT0004',8,'TD00003');
INSERT INTO THAY_NGUOI VALUES ('SK000006',TO_TIMESTAMP('13-06-2010 18:40:34','DD-MM-RRRR HH24:MI:SSXFF'),'CT0003','CT0004',9,'TD00006');
INSERT INTO THAY_NGUOI VALUES ('SK000007',TO_TIMESTAMP('14-06-2010 18:40:53','DD-MM-RRRR HH24:MI:SSXFF'),'CT0007','CT0008',4,'TD00007');
INSERT INTO THAY_NGUOI VALUES ('SK000008',TO_TIMESTAMP('15-06-2010 18:40:23','DD-MM-RRRR HH24:MI:SSXFF'),'CT0011','CT0012',4,'TD00008');

INSERT INTO THAY_NGUOI VALUES ('SK000009',TO_TIMESTAMP('12-06-2006 18:40:55','DD-MM-RRRR HH24:MI:SSXFF'),'CT0003','CT0004',8,'TD00009');
INSERT INTO THAY_NGUOI VALUES ('SK000010',TO_TIMESTAMP('13-06-2006 18:40:34','DD-MM-RRRR HH24:MI:SSXFF'),'CT0003','CT0004',9,'TD00010');
INSERT INTO THAY_NGUOI VALUES ('SK000011',TO_TIMESTAMP('14-06-2006 18:40:53','DD-MM-RRRR HH24:MI:SSXFF'),'CT0007','CT0008',4,'TD00011');
INSERT INTO THAY_NGUOI VALUES ('SK000012',TO_TIMESTAMP('15-06-2006 18:40:23','DD-MM-RRRR HH24:MI:SSXFF'),'CT0011','CT0012',4,'TD00012');

INSERT INTO THAY_NGUOI VALUES ('SK000013',TO_TIMESTAMP('12-06-2002 18:40:55','DD-MM-RRRR HH24:MI:SSXFF'),'CT0003','CT0004',8,'TD00013');
INSERT INTO THAY_NGUOI VALUES ('SK000014',TO_TIMESTAMP('13-06-2002 18:40:34','DD-MM-RRRR HH24:MI:SSXFF'),'CT0003','CT0004',9,'TD00014');
INSERT INTO THAY_NGUOI VALUES ('SK000015',TO_TIMESTAMP('14-06-2002 18:40:53','DD-MM-RRRR HH24:MI:SSXFF'),'CT0007','CT0008',4,'TD00015');
INSERT INTO THAY_NGUOI VALUES ('SK000016',TO_TIMESTAMP('15-06-2002 18:40:23','DD-MM-RRRR HH24:MI:SSXFF'),'CT0011','CT0012',4,'TD00016');

-------INSERT LUAN_LUU-----------

INSERT INTO LUAN_LUU VALUES ('SK000001',TO_TIMESTAMP('15-06-2010 19:30:00','DD-MM-RRRR HH24:MI:SSXFF'),1,'CT0005','N','TD00008');
INSERT INTO LUAN_LUU VALUES ('SK000002',TO_TIMESTAMP('15-06-2010 19:33:00','DD-MM-RRRR HH24:MI:SSXFF'),1,'CT0009','Y','TD00008');
INSERT INTO LUAN_LUU VALUES ('SK000003',TO_TIMESTAMP('15-06-2010 19:36:00','DD-MM-RRRR HH24:MI:SSXFF'),2,'CT0006','N','TD00008');
INSERT INTO LUAN_LUU VALUES ('SK000004',TO_TIMESTAMP('15-06-2010 19:40:00','DD-MM-RRRR HH24:MI:SSXFF'),2,'CT0010','Y','TD00008');

INSERT INTO LUAN_LUU VALUES ('SK000005',TO_TIMESTAMP('15-06-2006 19:30:00','DD-MM-RRRR HH24:MI:SSXFF'),1,'CT0005','N','TD00012');
INSERT INTO LUAN_LUU VALUES ('SK000006',TO_TIMESTAMP('15-06-2006 19:33:00','DD-MM-RRRR HH24:MI:SSXFF'),1,'CT0009','Y','TD00012');
INSERT INTO LUAN_LUU VALUES ('SK000007',TO_TIMESTAMP('15-06-2006 19:36:00','DD-MM-RRRR HH24:MI:SSXFF'),2,'CT0006','N','TD00012');
INSERT INTO LUAN_LUU VALUES ('SK000008',TO_TIMESTAMP('15-06-2006 19:40:00','DD-MM-RRRR HH24:MI:SSXFF'),2,'CT0010','Y','TD00012');

INSERT INTO LUAN_LUU VALUES ('SK000009',TO_TIMESTAMP('15-06-2002 19:30:00','DD-MM-RRRR HH24:MI:SSXFF'),1,'CT0005','N','TD00016');
INSERT INTO LUAN_LUU VALUES ('SK000010',TO_TIMESTAMP('15-06-2002 19:33:00','DD-MM-RRRR HH24:MI:SSXFF'),1,'CT0009','Y','TD00016');
INSERT INTO LUAN_LUU VALUES ('SK000011',TO_TIMESTAMP('15-06-2002 19:36:00','DD-MM-RRRR HH24:MI:SSXFF'),2,'CT0006','N','TD00016');
INSERT INTO LUAN_LUU VALUES ('SK000012',TO_TIMESTAMP('15-06-2002 19:40:00','DD-MM-RRRR HH24:MI:SSXFF'),2,'CT0010','Y','TD00016');

---INSERT DEO_BANG_DOI_TRUONG----

INSERT INTO DEO_BANG_DOI_TRUONG VALUES ('SK000001',TO_TIMESTAMP('12-06-2010 17:00:00','DD-MM-RRRR HH24:MI:SSXFF'),'CT0001','TD00003');
INSERT INTO DEO_BANG_DOI_TRUONG VALUES ('SK000002',TO_TIMESTAMP('12-06-2006 17:00:00','DD-MM-RRRR HH24:MI:SSXFF'),'CT0001','TD00009');
INSERT INTO DEO_BANG_DOI_TRUONG VALUES ('SK000003',TO_TIMESTAMP('12-06-2002 17:00:00','DD-MM-RRRR HH24:MI:SSXFF'),'CT0001','TD00013');

INSERT INTO DEO_BANG_DOI_TRUONG VALUES ('SK000004',TO_TIMESTAMP('12-06-2010 17:00:00','DD-MM-RRRR HH24:MI:SSXFF'),'CT0005','TD00003');
INSERT INTO DEO_BANG_DOI_TRUONG VALUES ('SK000005',TO_TIMESTAMP('12-06-2006 17:00:00','DD-MM-RRRR HH24:MI:SSXFF'),'CT0005','TD00009');
INSERT INTO DEO_BANG_DOI_TRUONG VALUES ('SK000006',TO_TIMESTAMP('12-06-2002 17:00:00','DD-MM-RRRR HH24:MI:SSXFF'),'CT0005','TD00013');

INSERT INTO DEO_BANG_DOI_TRUONG VALUES ('SK000007',TO_TIMESTAMP('13-06-2010 17:00:00','DD-MM-RRRR HH24:MI:SSXFF'),'CT0001','TD00006');
INSERT INTO DEO_BANG_DOI_TRUONG VALUES ('SK000008',TO_TIMESTAMP('13-06-2006 17:00:00','DD-MM-RRRR HH24:MI:SSXFF'),'CT0001','TD00010');
INSERT INTO DEO_BANG_DOI_TRUONG VALUES ('SK000009',TO_TIMESTAMP('13-06-2002 17:00:00','DD-MM-RRRR HH24:MI:SSXFF'),'CT0001','TD00014');

INSERT INTO DEO_BANG_DOI_TRUONG VALUES ('SK000010',TO_TIMESTAMP('13-06-2010 17:00:00','DD-MM-RRRR HH24:MI:SSXFF'),'CT0012','TD00006');
INSERT INTO DEO_BANG_DOI_TRUONG VALUES ('SK000011',TO_TIMESTAMP('13-06-2006 17:00:00','DD-MM-RRRR HH24:MI:SSXFF'),'CT0012','TD00010');
INSERT INTO DEO_BANG_DOI_TRUONG VALUES ('SK000012',TO_TIMESTAMP('13-06-2002 17:00:00','DD-MM-RRRR HH24:MI:SSXFF'),'CT0012','TD00014');

INSERT INTO DEO_BANG_DOI_TRUONG VALUES ('SK000013',TO_TIMESTAMP('14-06-2010 17:00:00','DD-MM-RRRR HH24:MI:SSXFF'),'CT0005','TD00007');
INSERT INTO DEO_BANG_DOI_TRUONG VALUES ('SK000014',TO_TIMESTAMP('14-06-2006 17:00:00','DD-MM-RRRR HH24:MI:SSXFF'),'CT0005','TD00011');
INSERT INTO DEO_BANG_DOI_TRUONG VALUES ('SK000015',TO_TIMESTAMP('14-06-2002 17:00:00','DD-MM-RRRR HH24:MI:SSXFF'),'CT0005','TD00015');

INSERT INTO DEO_BANG_DOI_TRUONG VALUES ('SK000016',TO_TIMESTAMP('14-06-2010 17:00:00','DD-MM-RRRR HH24:MI:SSXFF'),'CT0013','TD00007');
INSERT INTO DEO_BANG_DOI_TRUONG VALUES ('SK000017',TO_TIMESTAMP('14-06-2006 17:00:00','DD-MM-RRRR HH24:MI:SSXFF'),'CT0013','TD00011');
INSERT INTO DEO_BANG_DOI_TRUONG VALUES ('SK000018',TO_TIMESTAMP('14-06-2002 17:00:00','DD-MM-RRRR HH24:MI:SSXFF'),'CT0013','TD00015');

INSERT INTO DEO_BANG_DOI_TRUONG VALUES ('SK000019',TO_TIMESTAMP('15-06-2010 17:00:00','DD-MM-RRRR HH24:MI:SSXFF'),'CT0012','TD00008');
INSERT INTO DEO_BANG_DOI_TRUONG VALUES ('SK000020',TO_TIMESTAMP('15-06-2006 17:00:00','DD-MM-RRRR HH24:MI:SSXFF'),'CT0012','TD00012');
INSERT INTO DEO_BANG_DOI_TRUONG VALUES ('SK000021',TO_TIMESTAMP('15-06-2002 17:00:00','DD-MM-RRRR HH24:MI:SSXFF'),'CT0012','TD00016');

INSERT INTO DEO_BANG_DOI_TRUONG VALUES ('SK000022',TO_TIMESTAMP('15-06-2010 17:00:00','DD-MM-RRRR HH24:MI:SSXFF'),'CT0005','TD00008');
INSERT INTO DEO_BANG_DOI_TRUONG VALUES ('SK000023',TO_TIMESTAMP('15-06-2006 17:00:00','DD-MM-RRRR HH24:MI:SSXFF'),'CT0005','TD00012');
INSERT INTO DEO_BANG_DOI_TRUONG VALUES ('SK000024',TO_TIMESTAMP('15-06-2002 17:00:00','DD-MM-RRRR HH24:MI:SSXFF'),'CT0005','TD00016');

---INSERT DOI_HINH_XUAT_PHAT-----

INSERT INTO DOI_HINH_XUAT_PHAT VALUES ('SK000005','CT0001',TO_TIMESTAMP('12-06-2010 17:00:00','DD-MM-RRRR HH24:MI:SSXFF'),9,'TD00003');
INSERT INTO DOI_HINH_XUAT_PHAT VALUES ('SK000006','CT0002',TO_TIMESTAMP('12-06-2010 17:00:00','DD-MM-RRRR HH24:MI:SSXFF'),7,'TD00003');
INSERT INTO DOI_HINH_XUAT_PHAT VALUES ('SK000007','CT0003',TO_TIMESTAMP('12-06-2010 17:00:00','DD-MM-RRRR HH24:MI:SSXFF'),6,'TD00003');
INSERT INTO DOI_HINH_XUAT_PHAT VALUES ('SK000008','CT0005',TO_TIMESTAMP('12-06-2010 17:00:00','DD-MM-RRRR HH24:MI:SSXFF'),9,'TD00003');
INSERT INTO DOI_HINH_XUAT_PHAT VALUES ('SK000009','CT0006',TO_TIMESTAMP('12-06-2010 17:00:00','DD-MM-RRRR HH24:MI:SSXFF'),7,'TD00003');
INSERT INTO DOI_HINH_XUAT_PHAT VALUES ('SK000010','CT0007',TO_TIMESTAMP('12-06-2010 17:00:00','DD-MM-RRRR HH24:MI:SSXFF'),6,'TD00003');

INSERT INTO DOI_HINH_XUAT_PHAT VALUES ('SK000011','CT0001',TO_TIMESTAMP('12-06-2006 17:00:00','DD-MM-RRRR HH24:MI:SSXFF'),9,'TD00009');
INSERT INTO DOI_HINH_XUAT_PHAT VALUES ('SK000012','CT0002',TO_TIMESTAMP('12-06-2006 17:00:00','DD-MM-RRRR HH24:MI:SSXFF'),7,'TD00009');
INSERT INTO DOI_HINH_XUAT_PHAT VALUES ('SK000013','CT0003',TO_TIMESTAMP('12-06-2006 17:00:00','DD-MM-RRRR HH24:MI:SSXFF'),6,'TD00009');
INSERT INTO DOI_HINH_XUAT_PHAT VALUES ('SK000014','CT0005',TO_TIMESTAMP('12-06-2006 17:00:00','DD-MM-RRRR HH24:MI:SSXFF'),9,'TD00009');
INSERT INTO DOI_HINH_XUAT_PHAT VALUES ('SK000015','CT0006',TO_TIMESTAMP('12-06-2006 17:00:00','DD-MM-RRRR HH24:MI:SSXFF'),7,'TD00009');
INSERT INTO DOI_HINH_XUAT_PHAT VALUES ('SK000016','CT0007',TO_TIMESTAMP('12-06-2006 17:00:00','DD-MM-RRRR HH24:MI:SSXFF'),6,'TD00009');

INSERT INTO DOI_HINH_XUAT_PHAT VALUES ('SK000017','CT0001',TO_TIMESTAMP('12-06-2002 17:00:00','DD-MM-RRRR HH24:MI:SSXFF'),9,'TD00013');
INSERT INTO DOI_HINH_XUAT_PHAT VALUES ('SK000018','CT0002',TO_TIMESTAMP('12-06-2002 17:00:00','DD-MM-RRRR HH24:MI:SSXFF'),7,'TD00013');
INSERT INTO DOI_HINH_XUAT_PHAT VALUES ('SK000019','CT0003',TO_TIMESTAMP('12-06-2002 17:00:00','DD-MM-RRRR HH24:MI:SSXFF'),6,'TD00013');
INSERT INTO DOI_HINH_XUAT_PHAT VALUES ('SK000020','CT0005',TO_TIMESTAMP('12-06-2002 17:00:00','DD-MM-RRRR HH24:MI:SSXFF'),9,'TD00013');
INSERT INTO DOI_HINH_XUAT_PHAT VALUES ('SK000021','CT0006',TO_TIMESTAMP('12-06-2002 17:00:00','DD-MM-RRRR HH24:MI:SSXFF'),7,'TD00013');
INSERT INTO DOI_HINH_XUAT_PHAT VALUES ('SK000022','CT0007',TO_TIMESTAMP('12-06-2002 17:00:00','DD-MM-RRRR HH24:MI:SSXFF'),6,'TD00013');

INSERT INTO DOI_HINH_XUAT_PHAT VALUES ('SK000023','CT0001',TO_TIMESTAMP('13-06-2010 17:00:00','DD-MM-RRRR HH24:MI:SSXFF'),9,'TD00006');
INSERT INTO DOI_HINH_XUAT_PHAT VALUES ('SK000024','CT0002',TO_TIMESTAMP('13-06-2010 17:00:00','DD-MM-RRRR HH24:MI:SSXFF'),7,'TD00006');
INSERT INTO DOI_HINH_XUAT_PHAT VALUES ('SK000025','CT0003',TO_TIMESTAMP('13-06-2010 17:00:00','DD-MM-RRRR HH24:MI:SSXFF'),6,'TD00006');
INSERT INTO DOI_HINH_XUAT_PHAT VALUES ('SK000026','CT0009',TO_TIMESTAMP('13-06-2010 17:00:00','DD-MM-RRRR HH24:MI:SSXFF'),9,'TD00006');
INSERT INTO DOI_HINH_XUAT_PHAT VALUES ('SK000027','CT0010',TO_TIMESTAMP('13-06-2010 17:00:00','DD-MM-RRRR HH24:MI:SSXFF'),7,'TD00006');
INSERT INTO DOI_HINH_XUAT_PHAT VALUES ('SK000029','CT0012',TO_TIMESTAMP('13-06-2010 17:00:00','DD-MM-RRRR HH24:MI:SSXFF'),6,'TD00006');

INSERT INTO DOI_HINH_XUAT_PHAT VALUES ('SK000030','CT0001',TO_TIMESTAMP('13-06-2006 17:00:00','DD-MM-RRRR HH24:MI:SSXFF'),9,'TD00010');
INSERT INTO DOI_HINH_XUAT_PHAT VALUES ('SK000031','CT0002',TO_TIMESTAMP('13-06-2006 17:00:00','DD-MM-RRRR HH24:MI:SSXFF'),7,'TD00010');
INSERT INTO DOI_HINH_XUAT_PHAT VALUES ('SK000032','CT0003',TO_TIMESTAMP('13-06-2006 17:00:00','DD-MM-RRRR HH24:MI:SSXFF'),6,'TD00010');
INSERT INTO DOI_HINH_XUAT_PHAT VALUES ('SK000033','CT0009',TO_TIMESTAMP('13-06-2006 17:00:00','DD-MM-RRRR HH24:MI:SSXFF'),9,'TD00010');
INSERT INTO DOI_HINH_XUAT_PHAT VALUES ('SK000034','CT0010',TO_TIMESTAMP('13-06-2006 17:00:00','DD-MM-RRRR HH24:MI:SSXFF'),7,'TD00010');
INSERT INTO DOI_HINH_XUAT_PHAT VALUES ('SK000035','CT0012',TO_TIMESTAMP('13-06-2006 17:00:00','DD-MM-RRRR HH24:MI:SSXFF'),6,'TD00010');

INSERT INTO DOI_HINH_XUAT_PHAT VALUES ('SK000036','CT0001',TO_TIMESTAMP('13-06-2002 17:00:00','DD-MM-RRRR HH24:MI:SSXFF'),9,'TD00014');
INSERT INTO DOI_HINH_XUAT_PHAT VALUES ('SK000037','CT0002',TO_TIMESTAMP('13-06-2002 17:00:00','DD-MM-RRRR HH24:MI:SSXFF'),7,'TD00014');
INSERT INTO DOI_HINH_XUAT_PHAT VALUES ('SK000038','CT0003',TO_TIMESTAMP('13-06-2002 17:00:00','DD-MM-RRRR HH24:MI:SSXFF'),6,'TD00014');
INSERT INTO DOI_HINH_XUAT_PHAT VALUES ('SK000039','CT0009',TO_TIMESTAMP('13-06-2002 17:00:00','DD-MM-RRRR HH24:MI:SSXFF'),9,'TD00014');
INSERT INTO DOI_HINH_XUAT_PHAT VALUES ('SK000040','CT0010',TO_TIMESTAMP('13-06-2002 17:00:00','DD-MM-RRRR HH24:MI:SSXFF'),7,'TD00014');
INSERT INTO DOI_HINH_XUAT_PHAT VALUES ('SK000041','CT0012',TO_TIMESTAMP('13-06-2002 17:00:00','DD-MM-RRRR HH24:MI:SSXFF'),6,'TD00014');

INSERT INTO DOI_HINH_XUAT_PHAT VALUES ('SK000042','CT0005',TO_TIMESTAMP('14-06-2010 17:00:00','DD-MM-RRRR HH24:MI:SSXFF'),9,'TD00007');
INSERT INTO DOI_HINH_XUAT_PHAT VALUES ('SK000043','CT0006',TO_TIMESTAMP('14-06-2010 17:00:00','DD-MM-RRRR HH24:MI:SSXFF'),7,'TD00007');
INSERT INTO DOI_HINH_XUAT_PHAT VALUES ('SK000044','CT0007',TO_TIMESTAMP('14-06-2010 17:00:00','DD-MM-RRRR HH24:MI:SSXFF'),6,'TD00007');
INSERT INTO DOI_HINH_XUAT_PHAT VALUES ('SK000045','CT0013',TO_TIMESTAMP('14-06-2010 17:00:00','DD-MM-RRRR HH24:MI:SSXFF'),9,'TD00007');
INSERT INTO DOI_HINH_XUAT_PHAT VALUES ('SK000046','CT0014',TO_TIMESTAMP('14-06-2010 17:00:00','DD-MM-RRRR HH24:MI:SSXFF'),7,'TD00007');
INSERT INTO DOI_HINH_XUAT_PHAT VALUES ('SK000047','CT0015',TO_TIMESTAMP('14-06-2010 17:00:00','DD-MM-RRRR HH24:MI:SSXFF'),6,'TD00007');

INSERT INTO DOI_HINH_XUAT_PHAT VALUES ('SK000048','CT0005',TO_TIMESTAMP('14-06-2006 17:00:00','DD-MM-RRRR HH24:MI:SSXFF'),9,'TD00011');
INSERT INTO DOI_HINH_XUAT_PHAT VALUES ('SK000049','CT0006',TO_TIMESTAMP('14-06-2006 17:00:00','DD-MM-RRRR HH24:MI:SSXFF'),7,'TD00011');
INSERT INTO DOI_HINH_XUAT_PHAT VALUES ('SK000050','CT0007',TO_TIMESTAMP('14-06-2006 17:00:00','DD-MM-RRRR HH24:MI:SSXFF'),6,'TD00011');
INSERT INTO DOI_HINH_XUAT_PHAT VALUES ('SK000051','CT0013',TO_TIMESTAMP('14-06-2006 17:00:00','DD-MM-RRRR HH24:MI:SSXFF'),9,'TD00011');
INSERT INTO DOI_HINH_XUAT_PHAT VALUES ('SK000052','CT0014',TO_TIMESTAMP('14-06-2006 17:00:00','DD-MM-RRRR HH24:MI:SSXFF'),7,'TD00011');
INSERT INTO DOI_HINH_XUAT_PHAT VALUES ('SK000053','CT0015',TO_TIMESTAMP('14-06-2006 17:00:00','DD-MM-RRRR HH24:MI:SSXFF'),6,'TD00011');

INSERT INTO DOI_HINH_XUAT_PHAT VALUES ('SK000054','CT0005',TO_TIMESTAMP('14-06-2002 17:00:00','DD-MM-RRRR HH24:MI:SSXFF'),9,'TD00015');
INSERT INTO DOI_HINH_XUAT_PHAT VALUES ('SK000055','CT0006',TO_TIMESTAMP('14-06-2002 17:00:00','DD-MM-RRRR HH24:MI:SSXFF'),7,'TD00015');
INSERT INTO DOI_HINH_XUAT_PHAT VALUES ('SK000056','CT0007',TO_TIMESTAMP('14-06-2002 17:00:00','DD-MM-RRRR HH24:MI:SSXFF'),6,'TD00015');
INSERT INTO DOI_HINH_XUAT_PHAT VALUES ('SK000057','CT0013',TO_TIMESTAMP('14-06-2002 17:00:00','DD-MM-RRRR HH24:MI:SSXFF'),9,'TD00015');
INSERT INTO DOI_HINH_XUAT_PHAT VALUES ('SK000058','CT0014',TO_TIMESTAMP('14-06-2002 17:00:00','DD-MM-RRRR HH24:MI:SSXFF'),7,'TD00015');
INSERT INTO DOI_HINH_XUAT_PHAT VALUES ('SK000059','CT0015',TO_TIMESTAMP('14-06-2002 17:00:00','DD-MM-RRRR HH24:MI:SSXFF'),6,'TD00015');

INSERT INTO DOI_HINH_XUAT_PHAT VALUES ('SK000060','CT0009',TO_TIMESTAMP('15-06-2010 17:00:00','DD-MM-RRRR HH24:MI:SSXFF'),9,'TD00008');
INSERT INTO DOI_HINH_XUAT_PHAT VALUES ('SK000061','CT0010',TO_TIMESTAMP('15-06-2010 17:00:00','DD-MM-RRRR HH24:MI:SSXFF'),7,'TD00008');
INSERT INTO DOI_HINH_XUAT_PHAT VALUES ('SK000062','CT0012',TO_TIMESTAMP('15-06-2010 17:00:00','DD-MM-RRRR HH24:MI:SSXFF'),6,'TD00008');
INSERT INTO DOI_HINH_XUAT_PHAT VALUES ('SK000063','CT0005',TO_TIMESTAMP('15-06-2010 17:00:00','DD-MM-RRRR HH24:MI:SSXFF'),9,'TD00008');
INSERT INTO DOI_HINH_XUAT_PHAT VALUES ('SK000064','CT0006',TO_TIMESTAMP('15-06-2010 17:00:00','DD-MM-RRRR HH24:MI:SSXFF'),7,'TD00008');
INSERT INTO DOI_HINH_XUAT_PHAT VALUES ('SK000065','CT0007',TO_TIMESTAMP('15-06-2010 17:00:00','DD-MM-RRRR HH24:MI:SSXFF'),6,'TD00008');

INSERT INTO DOI_HINH_XUAT_PHAT VALUES ('SK000066','CT0009',TO_TIMESTAMP('15-06-2006 17:00:00','DD-MM-RRRR HH24:MI:SSXFF'),9,'TD00012');
INSERT INTO DOI_HINH_XUAT_PHAT VALUES ('SK000067','CT0010',TO_TIMESTAMP('15-06-2006 17:00:00','DD-MM-RRRR HH24:MI:SSXFF'),7,'TD00012');
INSERT INTO DOI_HINH_XUAT_PHAT VALUES ('SK000068','CT0012',TO_TIMESTAMP('15-06-2006 17:00:00','DD-MM-RRRR HH24:MI:SSXFF'),6,'TD00012');
INSERT INTO DOI_HINH_XUAT_PHAT VALUES ('SK000069','CT0005',TO_TIMESTAMP('15-06-2006 17:00:00','DD-MM-RRRR HH24:MI:SSXFF'),9,'TD00012');
INSERT INTO DOI_HINH_XUAT_PHAT VALUES ('SK000070','CT0006',TO_TIMESTAMP('15-06-2006 17:00:00','DD-MM-RRRR HH24:MI:SSXFF'),7,'TD00012');
INSERT INTO DOI_HINH_XUAT_PHAT VALUES ('SK000071','CT0007',TO_TIMESTAMP('15-06-2006 17:00:00','DD-MM-RRRR HH24:MI:SSXFF'),6,'TD00012');

INSERT INTO DOI_HINH_XUAT_PHAT VALUES ('SK000072','CT0009',TO_TIMESTAMP('15-06-2002 17:00:00','DD-MM-RRRR HH24:MI:SSXFF'),9,'TD00016');
INSERT INTO DOI_HINH_XUAT_PHAT VALUES ('SK000073','CT0010',TO_TIMESTAMP('15-06-2002 17:00:00','DD-MM-RRRR HH24:MI:SSXFF'),7,'TD00016');
INSERT INTO DOI_HINH_XUAT_PHAT VALUES ('SK000074','CT0012',TO_TIMESTAMP('15-06-2002 17:00:00','DD-MM-RRRR HH24:MI:SSXFF'),6,'TD00016');
INSERT INTO DOI_HINH_XUAT_PHAT VALUES ('SK000075','CT0005',TO_TIMESTAMP('15-06-2002 17:00:00','DD-MM-RRRR HH24:MI:SSXFF'),9,'TD00016');
INSERT INTO DOI_HINH_XUAT_PHAT VALUES ('SK000076','CT0006',TO_TIMESTAMP('15-06-2002 17:00:00','DD-MM-RRRR HH24:MI:SSXFF'),7,'TD00016');
INSERT INTO DOI_HINH_XUAT_PHAT VALUES ('SK000077','CT0007',TO_TIMESTAMP('15-06-2002 17:00:00','DD-MM-RRRR HH24:MI:SSXFF'),6,'TD00016');

----------INSERT PHU TA----------

INSERT INTO PHU_TA VALUES ('HLV0001','HLV0005',TO_DATE('09-06-2006','DD-MM-YYYY'),TO_DATE('01-01-2007','DD-MM-YYYY'));
INSERT INTO PHU_TA VALUES ('HLV0002','HLV0006',TO_DATE('09-06-2006','DD-MM-YYYY'),null);
INSERT INTO PHU_TA VALUES ('HLV0003','HLV0007',TO_DATE('10-06-2010','DD-MM-YYYY'),null);
INSERT INTO PHU_TA VALUES ('HLV0004','HLV0008',TO_DATE('10-06-2010','DD-MM-YYYY'),null);

-----INSERT DOI_TRUONG-----------

INSERT INTO DOI_TRUONG VALUES ('CT0013','DT004',TO_DATE('09-06-2002','DD-MM-YYYY'),TO_DATE('09-07-2002','DD-MM-YYYY'));
INSERT INTO DOI_TRUONG VALUES ('CT0013','DT004',TO_DATE('09-06-2006','DD-MM-YYYY'),TO_DATE('09-07-2006','DD-MM-YYYY'));
INSERT INTO DOI_TRUONG VALUES ('CT0013','DT004',TO_DATE('09-06-2010','DD-MM-YYYY'),TO_DATE('09-07-2010','DD-MM-YYYY'));
INSERT INTO DOI_TRUONG VALUES ('CT0013','DT004',TO_DATE('09-06-2014','DD-MM-YYYY'),TO_DATE('09-07-2014','DD-MM-YYYY'));

INSERT INTO DOI_TRUONG VALUES ('CT0012','DT003',TO_DATE('09-06-2002','DD-MM-YYYY'),TO_DATE('09-07-2002','DD-MM-YYYY'));
INSERT INTO DOI_TRUONG VALUES ('CT0012','DT003',TO_DATE('09-06-2006','DD-MM-YYYY'),TO_DATE('09-07-2006','DD-MM-YYYY'));
INSERT INTO DOI_TRUONG VALUES ('CT0012','DT003',TO_DATE('09-06-2010','DD-MM-YYYY'),TO_DATE('09-07-2010','DD-MM-YYYY'));
INSERT INTO DOI_TRUONG VALUES ('CT0012','DT003',TO_DATE('09-06-2014','DD-MM-YYYY'),TO_DATE('09-07-2014','DD-MM-YYYY'));

INSERT INTO DOI_TRUONG VALUES ('CT0005','DT002',TO_DATE('09-06-2002','DD-MM-YYYY'),TO_DATE('09-07-2002','DD-MM-YYYY'));
INSERT INTO DOI_TRUONG VALUES ('CT0005','DT002',TO_DATE('09-06-2006','DD-MM-YYYY'),TO_DATE('09-07-2006','DD-MM-YYYY'));
INSERT INTO DOI_TRUONG VALUES ('CT0005','DT002',TO_DATE('09-06-2010','DD-MM-YYYY'),TO_DATE('09-07-2010','DD-MM-YYYY'));
INSERT INTO DOI_TRUONG VALUES ('CT0005','DT002','09-06-2014','09-07-2014');

INSERT INTO DOI_TRUONG VALUES ('CT0001','DT001',TO_DATE('09-06-2002','DD-MM-YYYY'),TO_DATE('09-07-2002','DD-MM-YYYY'));
INSERT INTO DOI_TRUONG VALUES ('CT0001','DT001',TO_DATE('09-06-2006','DD-MM-YYYY'),TO_DATE('09-07-2006','DD-MM-YYYY'));
INSERT INTO DOI_TRUONG VALUES ('CT0001','DT001',TO_DATE('09-06-2010','DD-MM-YYYY'),TO_DATE('09-07-2010','DD-MM-YYYY'));
INSERT INTO DOI_TRUONG VALUES ('CT0001','DT001',TO_DATE('09-06-2014','DD-MM-YYYY'),TO_DATE('09-07-2014','DD-MM-YYYY'));

-----INSERT O_KHACH_SAN----------

INSERT INTO O_KHACH_SAN VALUES ('DT001','KS0003');
INSERT INTO O_KHACH_SAN VALUES ('DT002','KS0004');
INSERT INTO O_KHACH_SAN VALUES ('DT003','KS0001');
INSERT INTO O_KHACH_SAN VALUES ('DT004','KS0002');

-----INSERT VUA_PHA_LUOI---------

INSERT INTO VUA_PHA_LUOI VALUES (2002,'CT0014');
INSERT INTO VUA_PHA_LUOI VALUES (2006,'CT0013');
INSERT INTO VUA_PHA_LUOI VALUES (2010,'CT0001');
INSERT INTO VUA_PHA_LUOI VALUES (2010,'CT0005');

-----INSERT HUAN_LUYEN-----------

INSERT INTO HUAN_LUYEN VALUES ('HLV0001','DT001',2,0,1);
INSERT INTO HUAN_LUYEN VALUES ('HLV0002','DT002',19,5,10);
INSERT INTO HUAN_LUYEN VALUES ('HLV0003','DT003',32,7,5);
INSERT INTO HUAN_LUYEN VALUES ('HLV0004','DT004',69,8,8);
INSERT INTO HUAN_LUYEN VALUES ('HLV0005','DT001',2,0,1);
INSERT INTO HUAN_LUYEN VALUES ('HLV0006','DT002',19,5,10);
INSERT INTO HUAN_LUYEN VALUES ('HLV0007','DT003',32,7,5);
INSERT INTO HUAN_LUYEN VALUES ('HLV0008','DT004',69,8,8);

----INSERT THOI_GIAN_HUAN_LUYEN---

INSERT INTO THOI_GIAN_HUAN_LUYEN VALUES ('HLV0001','DT001',TO_DATE('01-01-2002','DD-MM-YYYY'),TO_DATE('01-01-2007','DD-MM-YYYY'));
INSERT INTO THOI_GIAN_HUAN_LUYEN VALUES ('HLV0002','DT002',TO_DATE('01-01-2002','DD-MM-YYYY'),TO_DATE('01-01-2007','DD-MM-YYYY'));
INSERT INTO THOI_GIAN_HUAN_LUYEN VALUES ('HLV0003','DT003',TO_DATE('01-01-2002','DD-MM-YYYY'),TO_DATE('01-01-2007','DD-MM-YYYY'));
INSERT INTO THOI_GIAN_HUAN_LUYEN VALUES ('HLV0004','DT004',TO_DATE('01-01-2002','DD-MM-YYYY'),TO_DATE('01-01-2007','DD-MM-YYYY'));

INSERT INTO THOI_GIAN_HUAN_LUYEN VALUES ('HLV0005','DT001',TO_DATE('01-01-2009','DD-MM-YYYY'),null);
INSERT INTO THOI_GIAN_HUAN_LUYEN VALUES ('HLV0002','DT002',TO_DATE('01-01-2009','DD-MM-YYYY'),null);
INSERT INTO THOI_GIAN_HUAN_LUYEN VALUES ('HLV0003','DT003',TO_DATE('01-01-2009','DD-MM-YYYY'),null);
INSERT INTO THOI_GIAN_HUAN_LUYEN VALUES ('HLV0004','DT004',TO_DATE('01-01-2009','DD-MM-YYYY'),null);

--------------------------------------------------------------------------------------------------------------------------------------
--------------------------------------------------------------------------------------------------------------------------------------
--------------------------------------------------------------------------------------------------------------------------------------
--------------------------------------------------------------------------------------------------------------------------------------
--------------------------------------------------------------------------------------------------------------------------------------
create table TAI_KHOAN
(
USERNAME VARCHAR(30),
PASSWORD VARCHAR(30) NOT NULL,
LOAI_TAI_KHOAN VARCHAR(15) NOT NULL,
PRIMARY KEY(USERNAME)
);

INSERT INTO TAI_KHOAN VALUES ('Admin_1','Nhom3','Admin');
INSERT INTO TAI_KHOAN VALUES ('Admin_2','Nhom3','Admin');
INSERT INTO TAI_KHOAN VALUES ('TeamManager_Eng','Nhom3','TeamManager');
INSERT INTO TAI_KHOAN VALUES ('TeamManager_Ned','Nhom3','TeamManager');
INSERT INTO TAI_KHOAN VALUES ('TeamManager_Bra','Nhom3','TeamManager');
INSERT INTO TAI_KHOAN VALUES ('TeamManager_Spa','Nhom3','TeamManager');
INSERT INTO TAI_KHOAN VALUES ('nhabao_1','Nhom3','Reporter');
INSERT INTO TAI_KHOAN VALUES ('nhabao_2','Nhom3','Reporter');
INSERT INTO TAI_KHOAN VALUES ('nhabao_3','Nhom3','Reporter');
INSERT INTO TAI_KHOAN VALUES ('nhabao_4','Nhom3','Reporter');
INSERT INTO TAI_KHOAN VALUES ('client_1','Nhom3','Client');
INSERT INTO TAI_KHOAN VALUES ('client_2','Nhom3','Client');
INSERT INTO TAI_KHOAN VALUES ('client_3','Nhom3','Client');
INSERT INTO TAI_KHOAN VALUES ('client_4','Nhom3','Client');

create table QUAN_LY_DOI_BONG 
(
USERNAME VARCHAR(30),
ID_DOI_TUYEN CHAR(5) CHECK (REGEXP_LIKE(ID_DOI_TUYEN,'DT[0-9]{3}')),
PRIMARY KEY (USERNAME,ID_DOI_TUYEN),
FOREIGN KEY (USERNAME) REFERENCES TAI_KHOAN(USERNAME),
FOREIGN KEY (ID_DOI_TUYEN) REFERENCES DOI_TUYEN(ID)
);

INSERT INTO QUAN_LY_DOI_BONG VALUES ('TeamManager_Eng','DT001');
INSERT INTO QUAN_LY_DOI_BONG VALUES ('TeamManager_Ned','DT002');
INSERT INTO QUAN_LY_DOI_BONG VALUES ('TeamManager_Bra','DT003');
INSERT INTO QUAN_LY_DOI_BONG VALUES ('TeamManager_Spa','DT004');

create table BINH_LUAN
(
ID_TRAN_DAU CHAR(7)     CHECK (REGEXP_LIKE(ID_TRAN_DAU,'TD[0-9]{5}')),
USERNAME VARCHAR(30),
THOI_DIEM  TIMESTAMP,
NOI_DUNG VARCHAR(4000),
DUYET CHAR CHECK(DUYET IN('Y','N','-')),
PRIMARY KEY (ID_TRAN_DAU, USERNAME, THOI_DIEM),
FOREIGN KEY (ID_TRAN_DAU) REFERENCES TRAN_DAU(ID),
FOREIGN KEY (USERNAME) REFERENCES TAI_KHOAN(USERNAME)
);
----------------------------------------------------------------------------------------------------
----------------------------------------------------------------------------------------------------
----------------------------------------------------------------------------------------------------
----------------------------------------------------------------------------------------------------

create or replace PROCEDURE deleteQuanLyDoiBong(in_username in VARCHAR2, in_id_doi_tuyen in VARCHAR2)
as
begin
  delete from quan_ly_doi_bong
  where username = in_username and id_doi_tuyen = in_id_doi_tuyen;
  commit;
end;
/

create or replace PROCEDURE deleteTaikhoan(in_username in VARCHAR2)
as
begin
  delete from tai_khoan
  where username = in_username;
  commit;
end;
/

create or replace PROCEDURE deleteWorldCup(in_nam in NUMBER)
as
begin
  delete from world_cup
  where nam = in_nam;
  commit;
end;
/

create or replace procedure insertQuanLyDoiBong(in_username in VARCHAR2, in_id_doi_tuyen in VARCHAR2)
as

begin
  insert into quan_ly_doi_bong
  values (in_username, in_id_doi_tuyen);
  commit;
end;
/

create or replace procedure insertTaikhoan(n_username in VARCHAR2, in_password in VARCHAR2, in_loai_tai_khoan in VARCHAR2)
as

begin
  insert into TAI_KHOAN
  values (n_username, in_password, in_loai_tai_khoan);
  commit;
end;
/

create or replace procedure insertWorldCup
(
  in_nam                        in number, 
  in_so_doi                     in number, 
  in_id_cau_thu_xuat_sac_nhat   in VARCHAR2, 
  in_id_doi_vo_dich             in VARCHAR2, 
  in_id_doi_a_quan              in VARCHAR2, 
  in_id_doi_hang_3              in VARCHAR2)
as

begin
  insert into world_cup
  values (in_nam, in_so_doi, in_id_cau_thu_xuat_sac_nhat, in_id_doi_vo_dich,in_id_doi_a_quan, in_id_doi_hang_3);
  commit;
end;
/

create or replace PROCEDURE isValidAccount(IN_USERNAME IN VARCHAR2, IN_PASSWORD IN VARCHAR2, IN_LOAI IN VARCHAR2, FLAG OUT NUMBER)
AS
  USER VARCHAR2(30);
  CURSOR CUR IS
    SELECT USERNAME 
    FROM TAI_KHOAN
    WHERE UPPER(USERNAME) = UPPER(IN_USERNAME) AND PASSWORD = IN_PASSWORD AND LOAI_TAI_KHOAN = IN_LOAI;
BEGIN
  FLAG := -1;
  OPEN CUR;
  FETCH CUR INTO USER;
  IF CUR%NOTFOUND THEN
    FLAG := 2;
  ELSE
    FLAG := 1;
  END IF;
  CLOSE CUR;
END;
/

create or replace procedure updateQuanLyDoiBong
(
  in_old_username in VARCHAR2,
  in_old_id_doi_tuyen in VARCHAR2,
  in_username in VARCHAR2,
  in_id_doi_tuyen in VARCHAR2
)
as
begin
  update quan_ly_doi_bong
  set username = in_username, id_doi_tuyen = in_id_doi_tuyen
  where username = in_old_username and id_doi_tuyen = in_old_id_doi_tuyen;
  commit;
end;
/

create or replace procedure updateTaiKhoan (in_old_username in VARCHAR2, in_username in VARCHAR2, in_password in VARCHAR2, in_loai_tai_khoan in VARCHAR2)
as
begin
  update tai_khoan
  set username = in_username, password = in_password, loai_tai_khoan = in_loai_tai_khoan
  where username = in_old_username;
  commit;
end;
/

create or replace procedure updateWorldCup
(
  in_old_nam in NUMBER,
  in_nam in NUMBER,
  in_soi_doi in NUMBER,
  in_id_cau_thu_xuat_sac_nhat varchar2,
  in_id_doi_vo_dich in VARCHAR2,
  in_id_doi_a_quan in VARCHAR2,
  in_id_doi_hang_3 in VARCHAR2
)
as
begin
  update world_cup
  set 
    nam = in_nam, 
    so_doi = in_soi_doi, 
    id_cau_thu_xuat_sac_nhat = in_id_cau_thu_xuat_sac_nhat, 
    id_doi_vo_dich = in_id_doi_vo_dich, 
    id_doi_a_quan = in_id_doi_a_quan, 
    id_doi_hang_3 = in_id_doi_hang_3
  where nam = in_old_nam;
  commit;
end;
/

create or replace procedure viewQuanLyDoiBong(out_cur out sys_refcursor)
is
begin
  open out_cur for
  select * from quan_ly_doi_bong;
end;
/

create or replace procedure viewTaiKhoan(out_cur out sys_refcursor)
is
begin
  open out_cur for
  select * from tai_khoan;
end;
/

create or replace procedure viewWorldCup(out_cur out sys_refcursor)
is
begin
  open out_cur for
  select * from world_cup;
end;
/

grant execute on deleteQuanLyDoiBong to Admin;
grant execute on deleteTaiKhoan to Admin;
grant execute on deleteWorldCup to Admin;

grant execute on insertQuanLyDoiBong to Admin;
grant execute on insertTaiKhoan to Admin;
grant execute on insertWorldCup to Admin;

grant execute on updateQuanLyDoiBong to Admin;
grant execute on updateTaiKhoan to Admin;
grant execute on updateWorldCup to Admin;

grant execute on viewQuanLyDoiBong to Admin;
grant execute on viewTaiKhoan to Admin;
grant execute on viewWorldCup to Admin;


create or replace procedure viewTranDau(out_cur out sys_refcursor)
is
begin
  open out_cur for
  select * from tran_dau;
end;
/

create or replace procedure viewBinhLuan(out_cur out sys_refcursor)
is
begin
  open out_cur for
  select * from binh_luan;
end;
/

create or replace PROCEDURE deleteBinhLuan
(
  in_id_tran_dau in VARCHAR2,
  in_username in VARCHAR2,
  in_thoi_diem in timestamp
)
as
begin
  delete from binh_luan
  where id_tran_dau = in_id_tran_dau and username = in_username and thoi_diem = in_thoi_diem;
  commit;
end;
/

create or replace
procedure insertBinhLuan
(
  in_id_tran_dau in VARCHAR2,
  in_username in VARCHAR2,
  in_thoi_diem in TIMESTAMP,
  in_noi_dung in varchar,
  in_duyet in char
)
as

begin
  insert into binh_luan
  values (in_id_tran_dau, in_username, in_thoi_diem, in_noi_dung, in_duyet);
  commit;
end;
/

create or replace procedure updateBinhLuan
(
  in_old_id_tran_dau in VARCHAR2,
  in_old_username in VARCHAR2,
  in_old_thoi_diem in TIMESTAMP,
  in_id_tran_dau in VARCHAR2,
  in_username in VARCHAR2,
  in_thoi_diem in TIMESTAMP,
  in_noi_dung in varchar,
  in_duyet in char
)
as
begin
  update binh_luan
  set
    id_tran_dau = in_id_tran_dau,
    username = in_username,
    thoi_diem = in_thoi_diem,
    noi_dung = in_noi_dung,
    duyet = in_duyet
  where
  (
    id_tran_dau = in_old_id_tran_dau
    and username = in_old_username
    and thoi_diem = in_old_thoi_diem
  );
  commit;
end;
/

grant execute on viewBinhLuan to Admin;
grant execute on insertBinhLuan to Admin;
grant execute on deleteBinhLuan to Admin;
grant execute on updateBinhLuan to Admin;

grant execute on viewTranDau to Admin;


